lncrna1,lncrna2
1003,362
1003,39
1003,1059
1003,1470
1003,1242
1003,254
1003,820
1003,83
1003,220
1003,1259
1003,1206
1003,0
1003,959
1003,588
1003,1321
1003,598
1003,146
1003,288
1003,937
1003,532
1003,1196
1003,200
1003,581
1003,1253
1003,150
1003,917
1003,559
362,39
362,1059
362,1470
362,1242
362,254
362,820
362,83
362,220
362,1259
362,1206
362,0
362,959
362,588
362,1321
362,598
362,146
362,288
362,937
362,532
362,1196
362,200
362,581
362,1253
362,150
362,917
362,559
362,875
39,1059
39,1470
39,1242
39,254
39,820
39,83
39,220
39,1259
39,1206
39,0
39,959
39,588
39,1321
39,598
39,146
39,288
39,937
39,532
39,1196
39,200
39,581
39,1253
39,150
39,917
39,559
1059,1470
1059,1242
1059,254
1059,83
1059,220
1059,1259
1059,1206
1059,0
1059,959
1059,588
1059,1321
1059,598
1059,146
1059,288
1059,937
1059,532
1059,1196
1059,200
1059,581
1059,1253
1059,150
1059,917
1059,559
1470,1242
1470,254
1470,820
1470,83
1470,786
1470,220
1470,788
1470,1259
1470,1206
1470,959
1470,1427
1470,1321
1470,606
1470,146
1470,288
1470,1015
1470,882
1470,937
1470,532
1470,1196
1470,53
1470,787
1470,921
1470,54
1470,121
1470,1050
1470,614
1470,561
1470,1495
1470,581
1470,1109
1470,773
1470,425
1470,603
1470,850
1470,494
1470,59
1470,1215
1470,150
1470,917
1470,1140
1470,185
1470,522
1470,476
1470,1142
1470,1101
1470,916
1470,755
1470,740
1470,444
1470,1393
1470,66
1470,1128
1470,322
1470,559
1470,445
1470,789
1470,1048
1470,710
1470,52
1470,30
1470,1300
1470,497
1470,967
1470,287
1470,55
1470,242
1470,1245
1470,915
1470,31
1470,785
1470,149
1470,1184
1470,1225
1470,1488
1470,1338
1470,589
1470,1166
1470,347
1242,254
1242,83
1242,220
1242,1259
1242,1206
1242,0
1242,959
1242,588
1242,1321
1242,598
1242,146
1242,288
1242,937
1242,532
1242,1196
1242,200
1242,581
1242,1253
1242,150
1242,917
1242,559
254,220
254,1259
254,1206
254,0
254,959
254,588
254,1321
254,598
254,146
254,937
254,532
254,1196
254,200
254,581
254,1253
254,559
820,83
820,786
820,220
820,788
820,1259
820,1206
820,959
820,1427
820,606
820,146
820,288
820,1015
820,882
820,532
820,53
820,787
820,921
820,54
820,121
820,1050
820,561
820,1495
820,1109
820,773
820,850
820,494
820,59
820,188
820,917
820,1140
820,1142
820,1101
820,916
820,755
820,1393
820,66
820,1128
820,138
820,322
820,445
820,789
820,1048
820,1475
820,52
820,30
820,1300
820,497
820,287
820,55
820,242
820,31
820,764
820,149
820,1184
820,1225
820,589
820,1166
820,615
820,996
820,98
83,786
83,1259
83,1206
83,959
83,588
83,917
786,788
786,1259
786,1206
786,959
786,1427
786,606
786,146
786,288
786,1015
786,882
786,532
786,53
786,787
786,921
786,54
786,121
786,1050
786,614
786,561
786,1495
786,1109
786,773
786,425
786,603
786,850
786,494
786,59
786,1215
786,188
786,917
786,796
786,1140
786,185
786,522
786,476
786,1142
786,1101
786,916
786,755
786,740
786,444
786,1393
786,66
786,1128
786,138
786,322
786,445
786,789
786,1048
786,1475
786,52
786,30
786,1300
786,497
786,681
786,967
786,287
786,1375
786,55
786,1037
786,1363
786,242
786,1245
786,915
786,31
786,785
786,149
786,568
786,1217
786,1184
786,1225
786,219
786,518
786,1073
786,427
786,1387
786,1338
786,282
786,589
786,1325
786,1166
786,615
786,4
786,1022
786,765
786,996
786,1383
786,1263
786,884
786,347
786,964
786,189
786,461
786,484
786,319
786,1230
786,527
786,65
786,144
786,932
786,1364
786,1295
786,1149
786,1411
786,203
786,359
786,1167
786,256
786,923
786,760
786,292
220,1259
220,1206
220,0
220,959
220,588
220,1321
220,598
220,146
220,288
220,937
220,532
220,1196
220,921
220,200
220,581
220,1253
220,850
220,917
220,559
788,1259
788,1206
788,959
788,1427
788,606
788,146
788,288
788,1015
788,882
788,532
788,53
788,787
788,921
788,54
788,121
788,1050
788,614
788,561
788,1495
788,581
788,1109
788,773
788,425
788,603
788,850
788,494
788,59
788,1215
788,188
788,917
788,796
788,1140
788,185
788,522
788,476
788,1142
788,1101
788,916
788,755
788,740
788,444
788,1393
788,66
788,1128
788,138
788,322
788,445
788,789
788,1048
788,1475
788,52
788,30
788,1300
788,497
788,681
788,967
788,287
788,1375
788,55
788,1037
788,1363
788,242
788,1245
788,915
788,31
788,785
788,149
788,568
788,1217
788,1184
788,1225
788,219
788,518
788,1073
788,1387
788,1488
788,1338
788,282
788,589
788,1325
788,1166
788,615
788,4
788,1022
788,765
788,1383
788,1263
788,347
788,964
788,189
788,461
788,484
788,319
788,1230
788,527
788,65
788,144
788,932
788,1364
788,1295
788,1149
788,1411
788,203
788,359
788,1167
788,923
788,760
788,292
1259,1206
1259,0
1259,959
1259,1427
1259,588
1259,1321
1259,598
1259,606
1259,146
1259,288
1259,882
1259,937
1259,532
1259,1196
1259,53
1259,787
1259,921
1259,54
1259,1050
1259,200
1259,1495
1259,581
1259,1109
1259,425
1259,603
1259,1253
1259,850
1259,150
1259,917
1259,1142
1259,916
1259,1393
1259,559
1259,875
1259,1048
1259,710
1259,52
1259,1300
1259,497
1259,1245
1206,0
1206,959
1206,588
1206,1321
1206,598
1206,606
1206,146
1206,288
1206,937
1206,532
1206,1196
1206,921
1206,54
1206,200
1206,581
1206,1109
1206,1253
1206,850
1206,150
1206,917
1206,559
1206,875
1206,710
1206,497
1206,1496
1206,398
0,959
0,937
0,532
0,1253
959,588
959,1321
959,606
959,146
959,288
959,937
959,532
959,1196
959,787
959,921
959,54
959,200
959,581
959,1109
959,1253
959,850
959,150
959,917
959,1142
959,916
959,1393
959,194
959,559
959,1048
959,710
959,1300
959,497
959,287
959,1444
959,242
1427,606
1427,146
1427,1015
1427,882
1427,53
1427,921
1427,121
1427,1050
1427,561
1427,1495
1427,1109
1427,145
1427,773
1427,425
1427,603
1427,59
1427,1215
1427,188
1427,1140
1427,476
1427,1142
1427,1101
1427,916
1427,755
1427,740
1427,1393
1427,66
1427,1128
1427,138
1427,322
1427,445
1427,1048
1427,52
1427,30
1427,1300
1427,497
1427,1375
1427,55
1427,1037
1427,1363
1427,149
1427,1184
1427,219
1427,518
1427,238
1427,615
1427,996
1427,1383
1427,884
1427,347
1427,189
1427,484
1427,854
1427,1462
1427,144
1427,640
1427,483
1427,1364
1427,635
1427,1295
1427,1411
1427,203
1427,769
1427,256
1427,923
1427,760
588,146
588,937
1321,146
1321,937
1321,532
1321,200
1321,581
1321,1040
598,937
598,1196
606,146
606,288
606,1015
606,882
606,532
606,53
606,787
606,921
606,54
606,121
606,1050
606,614
606,561
606,1495
606,1109
606,145
606,773
606,425
606,603
606,850
606,494
606,59
606,1215
606,188
606,917
606,1140
606,185
606,522
606,476
606,1142
606,1101
606,916
606,755
606,740
606,444
606,1393
606,66
606,1128
606,138
606,322
606,445
606,789
606,1048
606,1475
606,52
606,30
606,1300
606,497
606,681
606,967
606,287
606,1375
606,55
606,1444
606,1037
606,1363
606,1245
606,915
606,785
606,149
606,1184
606,1225
606,219
606,518
606,1073
606,1338
606,282
606,589
606,1325
606,1166
606,615
606,996
606,1383
606,1263
606,884
606,347
606,964
606,189
606,461
606,484
606,1230
606,144
606,932
606,483
606,1364
606,635
606,1295
606,1411
606,203
606,256
606,923
606,760
606,224
146,288
146,937
146,532
146,581
146,1109
146,145
146,425
146,603
146,850
146,150
146,917
146,476
146,559
146,52
288,882
288,937
288,532
288,1196
288,787
288,921
288,54
288,121
288,1050
288,614
288,561
288,1495
288,581
288,1109
288,773
288,850
288,917
288,522
288,476
288,1142
288,916
288,755
288,740
288,444
288,1393
288,66
288,445
288,1048
288,710
288,52
288,497
288,681
288,967
288,287
288,242
288,1245
288,915
288,785
288,568
288,1184
288,1338
288,461
288,65
1015,882
1015,53
1015,787
1015,921
1015,54
1015,121
1015,1050
1015,561
1015,1495
1015,1109
1015,773
1015,494
1015,59
1015,1215
1015,188
1015,917
1015,796
1015,1140
1015,522
1015,476
1015,1142
1015,1101
1015,916
1015,755
1015,740
1015,1393
1015,66
1015,1128
1015,138
1015,322
1015,445
1015,789
1015,1048
1015,1475
1015,52
1015,30
1015,497
1015,967
1015,1375
1015,55
1015,1037
1015,1363
1015,915
1015,31
1015,785
1015,764
1015,149
1015,1184
1015,219
1015,123
1015,518
1015,1073
1015,1387
1015,1338
1015,282
1015,238
1015,589
1015,1325
1015,1166
1015,615
1015,4
1015,1022
1015,1383
1015,1263
1015,964
1015,189
1015,461
1015,484
1015,319
1015,1230
1015,854
1015,144
1015,932
1015,640
1015,1450
1015,1364
1015,1295
1015,1149
1015,1411
1015,203
1015,950
1015,38
1015,1249
1015,687
1015,769
1015,760
1015,292
882,53
882,787
882,921
882,54
882,121
882,1050
882,614
882,561
882,1495
882,1109
882,773
882,425
882,603
882,850
882,494
882,59
882,1215
882,188
882,917
882,796
882,1140
882,185
882,522
882,476
882,1142
882,1101
882,916
882,755
882,740
882,1393
882,66
882,1128
882,138
882,322
882,445
882,789
882,1048
882,1475
882,52
882,30
882,1300
882,497
882,681
882,967
882,287
882,1375
882,55
882,1037
882,1363
882,915
882,31
882,785
882,149
882,568
882,1184
882,1225
882,219
882,518
882,1073
882,1387
882,1338
882,282
882,238
882,781
882,589
882,1325
882,1166
882,615
882,4
882,1022
882,996
882,1383
882,1263
882,347
882,964
882,189
882,461
882,484
882,319
882,1230
882,854
882,1462
882,144
882,932
882,640
882,483
882,1450
882,1364
882,635
882,1295
882,1411
882,98
882,203
882,950
882,1249
882,687
882,769
882,359
882,1167
882,923
882,760
882,1144
882,292
882,215
882,224
882,1362
882,1152
937,532
937,1196
937,200
937,581
937,1253
937,150
937,917
937,559
937,710
532,787
532,921
532,54
532,121
532,1050
532,200
532,1495
532,581
532,1109
532,603
532,1253
532,850
532,917
532,1142
532,916
532,740
532,444
532,1393
532,194
532,559
532,1048
532,236
532,710
532,52
532,1300
532,497
532,681
532,287
532,1496
532,242
532,915
532,765
532,65
53,787
53,921
53,54
53,121
53,1050
53,561
53,1495
53,1109
53,773
53,603
53,850
53,59
53,1215
53,188
53,917
53,796
53,1140
53,522
53,1142
53,1101
53,916
53,755
53,740
53,444
53,1393
53,66
53,1128
53,138
53,322
53,445
53,789
53,1048
53,1475
53,52
53,30
53,1300
53,497
53,1375
53,55
53,1363
53,915
53,31
53,764
53,149
53,1184
53,1225
53,1073
53,282
53,589
53,1166
53,615
53,854
53,1364
53,98
53,687
53,292
787,921
787,54
787,121
787,1050
787,614
787,561
787,1495
787,1109
787,773
787,850
787,494
787,59
787,1215
787,917
787,796
787,1140
787,185
787,522
787,1142
787,1101
787,916
787,755
787,740
787,444
787,1393
787,66
787,1128
787,445
787,789
787,1048
787,52
787,30
787,497
787,967
787,287
787,1375
787,55
787,1037
787,242
787,1245
787,915
787,31
787,568
787,1184
787,1488
787,1338
787,282
787,1325
787,1166
787,4
787,319
787,1167
787,292
921,54
921,121
921,1050
921,614
921,561
921,1495
921,1109
921,773
921,603
921,850
921,59
921,1215
921,917
921,796
921,1140
921,522
921,476
921,1142
921,1101
921,916
921,755
921,740
921,444
921,1393
921,66
921,1128
921,138
921,322
921,445
921,789
921,1048
921,1475
921,52
921,30
921,497
921,1375
921,55
921,1363
921,1184
921,1073
921,5
921,589
921,484
921,1364
921,687
921,760
54,121
54,1050
54,614
54,561
54,1495
54,1109
54,773
54,603
54,850
54,494
54,59
54,1215
54,917
54,796
54,1140
54,185
54,522
54,476
54,1142
54,1101
54,916
54,755
54,740
54,444
54,1393
54,66
54,1128
54,138
54,322
54,445
54,789
54,1048
54,1475
54,52
54,30
54,1300
54,497
54,287
54,1375
54,55
54,1037
54,242
54,1245
54,915
54,31
54,149
54,568
54,1184
54,1225
54,219
54,518
54,1338
54,282
54,589
54,1325
54,1166
54,4
54,964
54,461
54,484
54,1364
54,1411
54,203
54,292
121,1050
121,561
121,1495
121,1109
121,773
121,603
121,850
121,494
121,59
121,1215
121,188
121,917
121,796
121,1140
121,185
121,522
121,476
121,1142
121,1101
121,916
121,755
121,740
121,1393
121,66
121,1128
121,138
121,322
121,445
121,789
121,1048
121,1475
121,52
121,30
121,497
121,1375
121,55
121,1037
121,1363
121,915
121,31
121,149
121,1184
121,219
121,123
121,518
121,1073
121,427
121,1387
121,1338
121,282
121,781
121,589
121,1325
121,1166
121,615
121,1022
121,765
121,1383
121,1263
121,884
121,964
121,461
121,484
121,1230
121,854
121,65
121,1462
121,144
121,932
121,640
121,1364
121,1295
121,1149
121,1411
121,203
121,950
121,687
121,292
121,949
1050,614
1050,561
1050,1495
1050,1109
1050,773
1050,603
1050,850
1050,59
1050,1215
1050,917
1050,796
1050,1140
1050,185
1050,522
1050,1142
1050,1101
1050,916
1050,755
1050,740
1050,1393
1050,66
1050,1128
1050,138
1050,322
1050,445
1050,789
1050,1048
1050,1475
1050,52
1050,30
1050,497
1050,1375
1050,55
1050,1037
1050,1363
1050,149
1050,219
1050,1073
1050,5
1050,781
1050,589
1050,1325
1050,615
1050,484
1050,319
1050,1364
1050,98
1050,687
1050,760
614,561
614,1109
614,773
614,603
614,59
614,1215
614,796
614,1140
614,185
614,522
614,476
614,1142
614,916
614,755
614,740
614,444
614,1393
614,66
614,1128
614,445
614,789
614,1048
614,52
614,497
614,681
614,834
614,1037
614,915
614,568
614,1073
614,1338
614,589
614,1325
614,4
614,319
614,1297
614,203
614,1391
614,1246
561,1495
561,1109
561,773
561,603
561,850
561,494
561,59
561,1215
561,188
561,917
561,796
561,1140
561,185
561,522
561,476
561,1142
561,1101
561,916
561,755
561,740
561,444
561,1393
561,66
561,1128
561,138
561,322
561,445
561,789
561,1048
561,1475
561,52
561,30
561,1300
561,497
561,681
561,967
561,287
561,1375
561,55
561,834
561,1037
561,1363
561,1245
561,915
561,31
561,785
561,149
561,568
561,1184
561,1225
561,219
561,123
561,518
561,1073
561,1387
561,5
561,1338
561,282
561,238
561,781
561,589
561,1325
561,1166
561,615
561,4
561,1022
561,1383
561,1263
561,964
561,189
561,461
561,484
561,319
561,1230
561,854
561,527
561,65
561,1462
561,144
561,640
561,483
561,1450
561,1364
561,635
561,1295
561,1149
561,1411
561,203
561,950
561,987
561,1249
561,1391
561,687
561,359
561,1167
561,1246
561,923
561,760
561,1144
561,292
561,215
561,224
561,1362
561,949
1495,1109
1495,773
1495,603
1495,850
1495,494
1495,59
1495,1215
1495,188
1495,917
1495,796
1495,1140
1495,522
1495,476
1495,1142
1495,1101
1495,916
1495,755
1495,740
1495,1393
1495,66
1495,1128
1495,138
1495,322
1495,445
1495,1048
1495,52
1495,30
1495,497
1495,967
1495,1375
1495,55
1495,1363
1495,915
1495,31
1495,785
1495,149
1495,1184
1495,1225
1495,219
1495,123
1495,518
1495,1073
1495,427
1495,1387
1495,1338
1495,282
1495,589
1495,1166
1495,615
1495,1022
1495,765
1495,1383
1495,1263
1495,884
1495,347
1495,964
1495,461
1495,484
1495,319
1495,854
1495,65
1495,144
1495,932
1495,640
1495,1364
1495,1295
1495,1149
1495,1411
1495,203
1495,950
1495,1249
1495,760
1134,283
1134,463
1134,653
1134,154
1134,863
1134,126
1134,1480
1134,1175
1134,646
1134,36
1134,474
1134,898
1134,1292
1134,1286
1134,381
1134,455
1134,1291
1134,1038
1134,20
1134,1025
1134,641
1134,1023
1134,1026
1134,610
1134,32
1134,613
1134,1314
1134,1060
1134,806
1134,566
581,917
1109,773
1109,603
1109,850
1109,494
1109,59
1109,1215
1109,188
1109,917
1109,796
1109,1140
1109,185
1109,522
1109,476
1109,1142
1109,1101
1109,916
1109,755
1109,740
1109,444
1109,1393
1109,66
1109,194
1109,1128
1109,138
1109,322
1109,445
1109,789
1109,1048
1109,1475
1109,52
1109,30
1109,1300
1109,497
1109,681
1109,688
1109,967
1109,287
1109,1375
1109,55
1109,1444
1109,1037
1109,1363
1109,242
1109,1245
1109,915
1109,31
1109,785
1109,149
1109,568
1109,1184
1109,1225
1109,219
1109,123
1109,518
1109,1073
1109,427
1109,1387
1109,1289
1109,1338
1109,282
1109,589
1109,1252
1109,1325
1109,1166
1109,615
1109,4
1109,1022
1109,765
1109,1383
1109,1263
1109,347
1109,964
1109,189
1109,461
1109,484
1109,797
1109,319
1109,1230
1109,854
1109,709
1109,527
1109,65
1109,1462
1109,144
1109,932
1109,640
1109,1297
1109,1364
1109,1295
1109,1149
1109,1411
1109,173
1109,203
1109,950
1109,1249
1109,687
1109,1167
1109,923
1109,760
1109,1144
1109,292
1109,215
1109,224
1109,1362
1109,949
145,425
145,476
145,238
145,189
773,603
773,494
773,59
773,1215
773,188
773,917
773,796
773,1140
773,185
773,522
773,476
773,1142
773,1101
773,916
773,755
773,740
773,444
773,1393
773,66
773,1128
773,138
773,322
773,445
773,789
773,1048
773,1475
773,52
773,30
773,497
773,967
773,1375
773,55
773,1037
773,1363
773,915
773,31
773,149
773,568
773,1184
773,219
773,518
773,1073
773,1387
773,1488
773,1338
773,282
773,781
773,589
773,1325
773,1166
773,615
773,4
773,1022
773,1383
773,1263
773,189
773,461
773,484
773,319
773,1230
773,854
773,144
773,640
773,1364
773,1295
773,1149
773,1411
773,203
773,987
773,1249
773,687
773,292
425,476
603,59
603,1215
603,1140
603,522
603,476
603,1142
603,1101
603,916
603,755
603,740
603,1393
603,1128
603,138
603,322
603,445
603,1048
603,52
603,497
603,681
603,834
603,1363
603,219
603,1073
603,589
603,1325
603,1383
603,189
603,484
603,1307
603,1364
603,1391
472,957
472,1119
472,1051
472,954
656,1436
850,917
850,1142
850,916
850,1393
850,322
850,1048
850,52
850,1300
850,497
850,287
850,242
850,1184
850,1225
494,916
494,1393
494,66
494,1048
494,52
494,497
59,1215
59,796
59,1140
59,185
59,522
59,476
59,1142
59,1101
59,916
59,755
59,740
59,1393
59,66
59,1128
59,138
59,322
59,445
59,789
59,1048
59,1475
59,52
59,30
59,497
59,1375
59,55
59,1037
59,1363
59,915
59,568
59,1184
59,219
59,518
59,1073
59,5
59,1338
59,282
59,781
59,589
59,1325
59,4
59,1383
59,1263
59,189
59,484
59,319
59,1230
59,640
59,1364
59,1411
59,203
59,1391
59,687
59,1246
59,760
59,292
59,215
1215,188
1215,796
1215,1140
1215,185
1215,522
1215,476
1215,1142
1215,1101
1215,916
1215,755
1215,740
1215,1393
1215,66
1215,1128
1215,138
1215,322
1215,445
1215,789
1215,1048
1215,1475
1215,52
1215,30
1215,497
1215,1375
1215,55
1215,834
1215,1037
1215,1363
1215,915
1215,31
1215,149
1215,568
1215,1184
1215,219
1215,123
1215,518
1215,1073
1215,1387
1215,5
1215,1338
1215,282
1215,238
1215,781
1215,589
1215,1325
1215,1166
1215,615
1215,4
1215,1383
1215,1263
1215,964
1215,189
1215,461
1215,484
1215,319
1215,1230
1215,854
1215,1462
1215,144
1215,640
1215,483
1215,1364
1215,635
1215,1295
1215,1411
1215,203
1215,950
1215,987
1215,1249
1215,1391
1215,687
1215,359
1215,1167
1215,923
1215,760
1215,1144
1215,292
1215,215
1215,224
1215,1362
1215,949
1215,1152
188,1101
188,916
188,755
188,740
188,1393
188,1128
188,322
188,445
188,1048
188,52
188,30
188,1375
188,55
188,1363
188,764
188,149
188,1184
188,518
188,238
188,615
188,1383
188,189
188,484
188,1230
188,854
188,1462
188,144
188,932
188,640
188,483
188,1364
188,635
188,1295
188,1411
188,203
188,1249
188,769
188,1152
917,1140
917,1142
917,916
917,755
917,1393
917,1048
917,52
917,497
917,55
796,1140
796,185
796,522
796,1142
796,1101
796,916
796,755
796,740
796,1393
796,66
796,1128
796,445
796,789
796,1048
796,1475
796,52
796,30
796,497
796,1375
796,55
796,1037
796,1363
796,31
796,1184
796,518
796,1073
796,5
796,1338
796,781
796,589
796,1325
796,4
796,1263
796,319
796,1230
796,854
796,640
796,1364
796,1295
796,203
796,987
796,1249
796,1391
796,687
796,292
796,215
796,1362
1140,185
1140,522
1140,476
1140,1142
1140,1101
1140,916
1140,755
1140,740
1140,1393
1140,66
1140,1128
1140,138
1140,322
1140,445
1140,789
1140,1048
1140,1475
1140,52
1140,30
1140,497
1140,1375
1140,55
1140,1037
1140,1363
1140,149
1140,1184
1140,1073
1140,5
1140,1338
1140,282
1140,781
1140,589
1140,1325
1140,484
1140,319
1140,1364
1140,98
1140,203
1140,687
1140,292
1030,604
185,522
185,1142
185,916
185,755
185,740
185,1393
185,1128
185,445
185,1048
185,1475
185,30
185,497
185,287
185,55
185,1037
185,915
185,31
185,149
185,1184
185,282
185,781
185,589
185,1325
185,964
185,484
185,203
185,950
185,1167
185,292
522,476
522,1142
522,1101
522,916
522,755
522,740
522,1393
522,66
522,1128
522,138
522,322
522,445
522,789
522,1048
522,1475
522,52
522,30
522,497
522,1375
522,55
522,1037
522,1363
522,915
522,31
522,568
522,1184
522,518
522,1073
522,1387
522,5
522,1338
522,282
522,781
522,589
522,1325
522,1166
522,4
522,1383
522,1263
522,964
522,461
522,484
522,319
522,1230
522,854
522,144
522,640
522,483
522,1364
522,1295
522,1411
522,203
522,987
522,1249
522,1391
522,687
522,359
522,1167
522,705
522,1246
522,923
522,1144
522,292
522,215
522,1362
476,1142
476,916
476,755
476,740
476,1393
476,66
476,1128
476,322
476,445
476,1048
476,52
476,497
476,681
476,688
476,1375
476,834
476,1037
476,568
476,1217
476,1184
476,518
476,1073
476,1338
476,589
476,1325
476,1383
476,189
476,484
476,1364
476,203
476,923
1142,1101
1142,916
1142,755
1142,740
1142,1393
1142,66
1142,194
1142,1128
1142,138
1142,322
1142,445
1142,789
1142,1048
1142,1475
1142,236
1142,52
1142,30
1142,497
1142,681
1142,688
1142,967
1142,287
1142,1375
1142,55
1142,1444
1142,834
1142,1037
1142,242
1142,915
1142,31
1142,785
1142,149
1142,568
1142,1184
1142,1225
1142,219
1142,123
1142,518
1142,1073
1142,837
1142,1387
1142,1338
1142,282
1142,589
1142,1325
1142,1166
1142,615
1142,4
1142,1022
1142,765
1142,1383
1142,1263
1142,964
1142,327
1142,461
1142,484
1142,797
1142,319
1142,1230
1142,709
1142,527
1142,65
1142,1462
1142,932
1142,640
1142,1364
1142,720
1142,1295
1142,1149
1142,1411
1142,173
1142,203
1142,950
1142,1249
1142,687
1142,1167
1142,1144
1142,292
1142,215
1142,949
1101,916
1101,755
1101,740
1101,1393
1101,66
1101,1128
1101,138
1101,322
1101,445
1101,1048
1101,1475
1101,52
1101,30
1101,497
1101,1375
1101,55
1101,1037
1101,1363
1101,31
1101,764
1101,149
1101,1184
1101,219
1101,123
1101,518
1101,1073
1101,427
1101,1387
1101,1338
1101,282
1101,238
1101,589
1101,1325
1101,1166
1101,615
1101,1022
1101,1383
1101,1263
1101,884
1101,964
1101,189
1101,484
1101,319
1101,1230
1101,854
1101,1462
1101,144
1101,932
1101,640
1101,483
1101,1364
1101,635
1101,1295
1101,1149
1101,1411
1101,203
1101,950
1101,1249
1101,687
1101,769
1101,760
1101,292
1101,949
916,755
916,740
916,444
916,1393
916,66
916,194
916,1128
916,322
916,445
916,789
916,1048
916,52
916,30
916,1300
916,497
916,681
916,688
916,967
916,287
916,1375
916,55
916,1444
916,834
916,1037
916,242
916,915
916,31
916,785
916,149
916,568
916,1184
916,1225
916,219
916,123
916,518
916,1073
916,837
916,427
916,1387
916,1289
916,1338
916,282
916,589
916,1325
916,1166
916,615
916,4
916,1022
916,765
916,1383
916,1263
916,964
916,821
916,461
916,484
916,797
916,319
916,1296
916,1230
916,709
916,527
916,65
916,1462
916,932
916,640
916,1297
916,1364
916,720
916,1295
916,1149
916,1411
916,173
916,203
916,950
916,1249
916,292
916,215
916,949
679,680
755,740
755,1393
755,66
755,1128
755,138
755,322
755,445
755,789
755,1048
755,1475
755,52
755,30
755,497
755,1375
755,55
755,1037
755,1363
755,915
755,31
755,149
755,1184
755,219
755,518
755,1073
755,5
755,1338
755,282
755,781
755,589
755,1325
755,1166
755,615
755,4
755,1383
755,1263
755,964
755,484
755,319
755,1230
755,854
755,640
755,1364
755,1295
755,1411
755,98
755,203
755,687
755,292
740,1393
740,66
740,194
740,1128
740,322
740,445
740,1048
740,52
740,30
740,497
740,681
740,688
740,287
740,1375
740,55
740,1444
740,834
740,1037
740,915
740,31
740,785
740,149
740,568
740,992
740,1184
740,219
740,123
740,518
740,1073
740,1387
740,1338
740,282
740,781
740,589
740,1252
740,1325
740,615
740,1022
740,765
740,1383
740,1263
740,964
740,327
740,821
740,461
740,484
740,797
740,319
740,1230
740,213
740,709
740,527
740,65
740,521
740,1462
740,640
740,1364
740,720
740,1295
740,1149
740,1411
740,173
740,203
740,950
740,1249
740,1144
740,292
740,215
740,949
444,1393
444,66
444,1048
444,497
1393,66
1393,1128
1393,138
1393,322
1393,445
1393,789
1393,1048
1393,1475
1393,52
1393,30
1393,1300
1393,497
1393,681
1393,688
1393,287
1393,1375
1393,55
1393,1444
1393,1037
1393,1363
1393,915
1393,31
1393,785
1393,149
1393,568
1393,1184
1393,1225
1393,219
1393,123
1393,518
1393,1073
1393,837
1393,1387
1393,1338
1393,282
1393,781
1393,589
1393,1325
1393,1166
1393,615
1393,4
1393,1022
1393,765
1393,1383
1393,1263
1393,884
1393,964
1393,189
1393,461
1393,484
1393,319
1393,1230
1393,854
1393,527
1393,65
1393,1462
1393,144
1393,932
1393,640
1393,483
1393,1297
1393,1450
1393,1364
1393,1295
1393,1149
1393,1411
1393,203
1393,950
1393,987
1393,1249
1393,1391
1393,687
1393,1167
1393,923
1393,760
1393,1144
1393,292
1393,215
1393,224
1393,1362
1393,949
685,875
66,1128
66,322
66,445
66,789
66,1048
66,52
66,30
66,497
66,967
66,1375
66,55
66,1037
66,1245
66,915
66,31
66,785
66,568
66,1184
66,1225
66,518
66,1387
66,1338
66,282
66,589
66,1325
66,1166
66,4
66,1263
66,964
66,461
66,484
66,319
66,1230
66,1295
66,1411
66,1167
66,760
66,292
66,215
66,1362
1208,268
1208,914
1208,611
1208,421
194,236
194,497
194,915
194,219
194,765
194,65
1128,138
1128,322
1128,445
1128,789
1128,1048
1128,1475
1128,52
1128,30
1128,497
1128,1375
1128,55
1128,1037
1128,1363
1128,915
1128,31
1128,149
1128,1184
1128,219
1128,518
1128,1073
1128,1387
1128,5
1128,1338
1128,282
1128,781
1128,589
1128,1325
1128,1166
1128,615
1128,4
1128,1383
1128,1263
1128,484
1128,319
1128,1230
1128,854
1128,640
1128,483
1128,1364
1128,1295
1128,1411
1128,98
1128,203
1128,987
1128,1391
1128,687
1128,359
1128,1167
1128,1246
1128,1144
1128,292
1128,215
1128,1362
138,322
138,445
138,1048
138,1475
138,30
138,497
138,55
138,1037
138,1363
138,1073
138,589
138,615
138,484
138,1364
322,445
322,1048
322,52
322,30
322,1300
322,497
322,681
322,688
322,287
322,1375
322,55
322,1444
322,1037
322,1363
322,915
322,31
322,785
322,149
322,1184
322,1225
322,219
322,123
322,518
322,1073
322,1387
322,1338
322,282
322,238
322,589
322,1325
322,1166
322,615
322,1022
322,996
322,1383
322,1263
322,964
322,189
322,461
322,484
322,797
322,1230
322,213
322,854
322,65
322,521
322,1462
322,144
322,932
322,640
322,483
322,1364
322,635
322,1295
322,1411
322,203
322,950
322,1249
322,687
322,769
322,760
322,1144
322,215
322,949
322,1152
445,789
445,1048
445,1475
445,52
445,30
445,497
445,1375
445,55
445,1037
445,1363
445,915
445,31
445,149
445,568
445,1184
445,219
445,518
445,1073
445,1387
445,1338
445,589
445,1325
445,1166
445,615
445,4
445,1383
445,1263
445,964
445,189
445,461
445,484
445,319
445,1230
445,854
445,1462
445,144
445,640
445,483
445,1364
445,1295
445,1411
445,203
445,950
445,1249
445,687
445,1144
445,292
445,215
789,1048
789,52
789,497
789,55
789,1325
1048,1475
1048,52
1048,30
1048,1300
1048,497
1048,681
1048,688
1048,287
1048,1375
1048,55
1048,1444
1048,834
1048,1037
1048,1363
1048,242
1048,915
1048,31
1048,785
1048,149
1048,568
1048,1184
1048,1225
1048,219
1048,123
1048,518
1048,1073
1048,1387
1048,1338
1048,282
1048,781
1048,589
1048,1325
1048,1166
1048,615
1048,4
1048,1022
1048,765
1048,996
1048,1383
1048,1263
1048,964
1048,461
1048,484
1048,797
1048,319
1048,1296
1048,1230
1048,854
1048,709
1048,527
1048,65
1048,1462
1048,144
1048,932
1048,640
1048,483
1048,1297
1048,1364
1048,1295
1048,1149
1048,1411
1048,173
1048,98
1048,203
1048,950
1048,987
1048,1249
1048,1391
1048,687
1048,359
1048,1167
1048,1246
1048,923
1048,760
1048,1144
1048,292
1048,215
1048,299
1048,224
1048,1362
1048,949
1475,30
1475,497
1475,1375
1475,55
1475,1037
1475,1363
1475,31
1475,764
1475,1184
1475,1073
1475,781
1475,589
1475,1325
1475,484
1475,319
1475,1230
1475,854
1475,144
1475,1364
1475,321
1475,98
1475,687
1475,1144
1475,292
1475,1362
236,1444
236,242
236,915
236,31
236,765
236,964
236,327
236,461
236,797
236,65
236,720
236,1069
710,1496
52,30
52,497
52,1375
52,55
52,915
52,149
52,1184
52,518
52,1338
52,282
52,615
52,1383
52,1364
52,1411
52,292
30,497
30,1375
30,55
30,1037
30,1363
30,915
30,31
30,785
30,764
30,149
30,568
30,1184
30,1225
30,219
30,123
30,518
30,1073
30,1387
30,1338
30,282
30,781
30,589
30,1325
30,1166
30,615
30,4
30,1022
30,765
30,1383
30,1263
30,964
30,461
30,484
30,797
30,319
30,1230
30,213
30,854
30,527
30,65
30,1462
30,144
30,932
30,640
30,483
30,1364
30,1295
30,1149
30,1411
30,173
30,98
30,203
30,950
30,987
30,1249
30,687
30,1167
30,1144
30,292
30,215
30,1362
30,949
1300,497
1300,55
1300,1184
1300,1225
1300,964
1300,484
497,681
497,688
497,287
497,1375
497,55
497,1444
497,834
497,1037
497,1363
497,242
497,915
497,31
497,785
497,149
497,369
497,568
497,1184
497,1225
497,219
497,123
497,518
497,1073
497,837
497,1387
497,1338
497,282
497,781
497,589
497,1252
497,1325
497,1166
497,615
497,1022
497,765
497,1383
497,1263
497,964
497,461
497,484
497,319
497,1296
497,1230
497,527
497,65
497,521
497,640
497,1297
497,1364
497,1105
497,1149
497,1411
497,173
497,203
497,950
497,1391
497,687
497,1167
497,1246
497,292
497,215
497,224
497,949
681,688
681,1444
681,834
681,568
681,518
681,1073
681,837
681,1252
681,1383
681,189
681,461
681,484
681,65
681,1364
681,215
688,1444
688,1037
688,785
688,149
688,219
688,518
688,1073
688,238
688,1252
688,615
688,1383
688,1263
688,964
688,327
688,461
688,484
688,797
688,65
688,521
688,1462
688,640
688,483
688,1364
688,720
688,203
688,1144
688,215
688,949
688,1005
688,452
967,785
287,55
287,1444
287,1037
287,242
287,915
287,31
287,149
287,1184
287,589
287,964
287,461
287,484
287,797
287,65
1375,55
1375,1037
1375,1363
1375,31
1375,149
1375,568
1375,1184
1375,518
1375,1073
1375,1387
1375,1338
1375,238
1375,781
1375,589
1375,1325
1375,1166
1375,615
1375,4
1375,1383
1375,1263
1375,964
1375,189
1375,461
1375,484
1375,319
1375,1230
1375,854
1375,1462
1375,144
1375,640
1375,483
1375,1364
1375,635
1375,1295
1375,1411
1375,203
1375,950
1375,1249
1375,687
1375,769
1375,359
1375,1167
1375,923
1375,760
1375,1144
1375,292
1375,215
1375,224
1375,1362
1375,1005
1375,1152
55,1037
55,1363
55,915
55,31
55,764
55,149
55,1184
55,1225
55,219
55,123
55,518
55,1073
55,1338
55,282
55,781
55,589
55,1325
55,1166
55,615
55,1022
55,1383
55,1263
55,964
55,461
55,484
55,797
55,319
55,1230
55,854
55,65
55,144
55,932
55,640
55,1450
55,1364
55,1295
55,1149
55,1411
55,173
55,98
55,203
55,950
55,1249
55,212
55,687
55,760
55,1144
55,292
55,215
55,949
1444,1037
1444,915
1444,31
1444,785
1444,149
1444,1184
1444,518
1444,1252
1444,964
1444,327
1444,461
1444,484
1444,797
1444,65
1444,521
1444,720
1444,1144
1444,215
834,915
834,568
834,837
834,589
834,1252
834,1325
834,327
834,461
834,484
834,1307
834,1391
834,215
834,95
834,1413
1037,31
1037,149
1037,1184
1037,219
1037,518
1037,1073
1037,1338
1037,282
1037,781
1037,589
1037,1252
1037,1325
1037,615
1037,1383
1037,1263
1037,964
1037,461
1037,484
1037,1230
1037,521
1037,640
1037,483
1037,1364
1037,635
1037,1295
1037,1411
1037,173
1037,203
1037,950
1037,359
1037,1167
1037,1144
1037,215
1037,224
1037,1362
1363,1073
1363,238
1363,589
1363,1325
1363,615
1363,189
1363,484
1363,854
1363,144
1363,640
1363,483
1363,1364
1363,203
1363,687
1363,769
279,280
851,624
851,275
851,283
851,262
851,165
851,463
851,653
851,154
851,863
851,126
851,501
851,1480
851,1175
851,646
851,1477
851,36
851,474
851,898
851,864
851,1292
851,1286
851,381
851,455
851,1024
851,1291
851,1038
851,20
851,1025
851,641
851,1023
851,1026
851,1058
851,610
851,761
851,32
851,613
851,1314
851,607
851,1257
851,1060
851,806
851,907
851,566
815,816
242,915
454,1092
915,31
915,785
915,149
915,1184
915,1225
915,219
915,518
915,1387
915,1338
915,589
915,1325
915,615
915,765
915,1383
915,1263
915,964
915,461
915,484
915,797
915,709
915,527
915,65
915,1297
915,1364
915,1411
915,292
915,215
31,785
31,1184
31,1225
31,518
31,1387
31,1338
31,781
31,589
31,1166
31,615
31,765
31,1263
31,964
31,461
31,484
31,797
31,1230
31,854
31,65
31,144
31,932
31,1200
31,1364
31,720
31,1149
31,1411
31,173
31,98
31,950
31,1167
31,292
31,215
31,1362
785,1184
785,1225
785,518
785,1387
785,1289
785,1338
785,1252
785,1383
785,964
785,327
785,461
785,484
785,797
785,527
785,65
785,932
785,1364
785,720
785,783
785,215
785,299
764,615
764,854
764,144
764,98
764,687
764,769
149,1184
149,219
149,518
149,282
149,615
149,1383
149,1263
149,964
149,484
149,1462
149,640
149,1364
149,635
149,1411
149,173
149,203
149,950
149,215
369,589
568,518
568,1338
568,1325
568,461
568,319
568,203
568,215
1184,1225
1184,518
1184,1387
1184,1338
1184,589
1184,1325
1184,1166
1184,615
1184,1263
1184,347
1184,964
1184,461
1184,484
1184,797
1184,1230
1184,854
1184,65
1184,144
1184,932
1184,483
1184,1450
1184,1364
1184,635
1184,1295
1184,1149
1184,1411
1184,173
1184,203
1184,359
1184,1167
1184,923
1184,1144
1184,292
1184,215
1184,224
1184,1362
1225,964
1225,461
1225,797
1225,760
219,123
219,518
219,1073
219,1387
219,589
219,615
219,765
219,1383
219,1263
219,964
219,484
219,1307
219,640
219,1364
219,1105
219,203
219,950
219,949
826,825
123,518
123,1387
123,615
123,765
123,1383
123,484
123,1462
123,640
123,1364
123,1411
518,1073
518,1387
518,1338
518,238
518,589
518,1325
518,1166
518,615
518,1383
518,1263
518,964
518,327
518,461
518,484
518,797
518,319
518,1230
518,854
518,527
518,65
518,521
518,1462
518,144
518,932
518,640
518,483
518,1364
518,720
518,635
518,1295
518,64
518,1149
518,1411
518,173
518,203
518,950
518,1249
518,1167
518,1144
518,292
518,215
518,299
518,224
518,1362
518,949
518,899
518,1005
518,452
518,108
518,666
1190,63
1190,1415
1190,1072
1190,208
1190,1398
1190,607
1073,837
1073,589
1073,1325
1073,615
1073,1383
1073,189
1073,461
1073,484
1073,1307
1073,521
1073,640
1073,1364
1073,203
1073,1391
1073,224
837,589
837,327
837,484
837,1307
837,720
837,95
237,1227
1387,1338
1387,589
1387,615
1387,765
1387,1383
1387,964
1387,461
1387,484
1387,527
1387,65
1387,932
1387,640
1387,1364
1387,1149
1387,1411
1387,1391
1387,292
1387,215
1289,461
1289,65
5,1325
5,4
5,319
1338,589
1338,1325
1338,615
1338,765
1338,964
1338,461
1338,484
1338,319
1338,527
1338,65
1338,932
1338,1364
1338,1149
1338,1411
1338,1249
1338,292
1338,215
282,1325
282,484
282,640
282,1364
282,1411
282,203
282,292
238,615
238,1383
238,484
238,854
238,1462
238,144
238,640
238,483
238,1364
238,635
238,1295
238,1411
238,203
238,1249
238,769
238,1144
238,1005
238,1152
781,1325
781,1263
781,484
781,319
781,1230
781,1364
781,1411
781,98
781,203
781,1391
781,687
781,1167
781,292
781,1362
589,615
589,765
589,1383
589,964
589,461
589,484
589,1307
589,640
589,1364
589,1105
589,1149
589,1411
589,203
589,950
589,1391
589,687
589,292
1252,964
1252,327
1252,461
1252,484
1252,65
1325,4
1325,1383
1325,1263
1325,484
1325,319
1325,1230
1325,640
1325,483
1325,1364
1325,1295
1325,1411
1325,203
1325,987
1325,1391
1325,687
1325,359
1325,1167
1325,1246
1325,923
1325,1144
1325,292
1325,215
1325,1362
1166,964
1166,484
1166,1230
1166,854
1166,1167
1166,1362
615,1022
615,1383
615,1263
615,964
615,461
615,484
615,797
615,213
615,854
615,65
615,521
615,1462
615,144
615,932
615,640
615,483
615,1364
615,1295
615,1149
615,1411
615,173
615,98
615,203
615,950
615,1249
615,212
615,687
615,769
615,1144
615,292
615,215
615,949
615,1005
615,108
4,319
4,1230
4,1362
1022,461
1022,484
1022,65
1022,1021
1022,1364
765,1383
765,964
765,461
765,484
765,797
765,65
765,932
765,1364
765,720
765,173
765,950
812,624
1383,1263
1383,964
1383,189
1383,461
1383,484
1383,213
1383,65
1383,1462
1383,640
1383,483
1383,1364
1383,910
1383,1105
1383,1411
1383,203
1383,950
1383,1249
1383,1144
1383,215
1383,224
1383,949
1383,452
1263,964
1263,461
1263,484
1263,1230
1263,213
1263,65
1263,640
1263,483
1263,1364
1263,1295
1263,1411
1263,203
1263,950
1263,1249
1263,760
1263,1144
1263,784
1263,215
1263,224
1263,949
624,275
624,283
624,262
624,463
624,653
624,154
624,863
624,126
624,1480
624,1175
624,646
624,36
624,474
624,1292
624,1286
624,381
624,455
624,1291
624,1038
624,641
624,1023
624,610
624,32
624,1314
624,1060
624,806
624,566
24,23
964,327
964,461
964,484
964,797
964,1230
964,854
964,527
964,65
964,521
964,1462
964,144
964,932
964,640
964,1200
964,483
964,1364
964,720
964,1295
964,1149
964,1411
964,173
964,203
964,950
964,1249
964,1167
964,1144
964,215
964,299
964,949
964,1005
964,452
964,108
189,483
327,461
327,65
327,720
327,95
461,484
461,797
461,1296
461,1230
461,709
461,527
461,65
461,521
461,1021
461,932
461,640
461,1200
461,1297
461,1364
461,720
461,1295
461,1149
461,1411
461,173
461,203
461,950
461,1249
461,1167
461,1144
461,292
461,215
461,299
461,1277
461,949
461,452
461,108
484,1307
484,797
484,1230
484,854
484,527
484,65
484,521
484,1462
484,144
484,932
484,640
484,483
484,1364
484,720
484,635
484,1295
484,1105
484,1149
484,1411
484,173
484,98
484,203
484,950
484,1249
484,1391
484,212
484,687
484,1167
484,1144
484,292
484,215
484,224
484,1412
484,949
484,1005
484,452
484,108
484,666
41,40
1307,640
1307,1364
1307,1105
1307,1391
1307,171
1307,1412
1307,949
1307,272
797,65
797,1021
797,932
797,720
797,299
797,949
797,108
319,1230
319,1295
319,987
319,1249
319,292
319,1362
1296,1297
1230,854
1230,144
1230,640
1230,483
1230,1364
1230,635
1230,1295
1230,1411
1230,203
1230,1249
1230,1167
1230,1144
1230,292
1230,215
1230,1362
854,144
854,932
854,640
854,483
854,1364
854,1295
854,98
854,1249
854,769
854,1144
854,1152
709,65
527,65
527,932
711,861
65,1021
65,932
65,1200
65,1364
65,720
65,1411
65,173
65,950
65,215
65,299
65,949
65,1069
521,1462
521,640
521,483
521,1364
521,203
521,1144
521,949
521,666
1462,640
1462,483
1462,1364
1462,635
1462,1411
1462,203
1462,1249
1462,1144
1462,215
1462,949
1462,1005
1462,452
178,1241
144,932
144,640
144,483
144,1295
144,1249
144,769
144,1144
932,1364
932,1295
932,1411
263,1241
263,264
640,483
640,1364
640,635
640,1295
640,1105
640,1411
640,203
640,950
640,1249
640,1391
640,769
640,1144
640,292
640,171
640,215
640,224
640,1412
640,949
640,1005
640,452
640,108
640,1152
640,666
1200,720
180,863
180,864
483,1364
483,635
483,1295
483,1411
483,203
483,1249
483,769
483,1167
483,1144
483,215
483,1005
483,1409
483,452
483,1152
483,666
604,316
1364,720
1364,635
1364,1295
1364,1105
1364,1411
1364,173
1364,203
1364,950
1364,1249
1364,1391
1364,687
1364,1144
1364,292
1364,171
1364,215
1364,101
1364,224
1364,608
1364,1412
1364,949
1364,1005
1364,452
1364,108
1364,666
748,1241
720,95
720,949
720,452
720,108
720,272
635,203
170,519
1295,1411
1295,203
1295,1249
1295,292
1295,1362
64,705
136,137
1105,203
268,914
1149,1411
1380,379
1380,148
1380,842
1380,543
1380,583
1380,358
1380,700
1380,367
1380,1088
1380,978
1380,1282
1380,977
1380,523
1380,928
1380,78
1380,490
1380,1052
1380,577
1380,412
1411,203
1411,1249
1411,1167
1411,760
1411,1144
1411,292
1411,215
1411,299
173,215
98,687
203,950
203,1249
203,687
203,359
203,1167
203,1246
203,923
203,1144
203,292
203,215
203,224
203,949
203,1005
203,666
950,1144
950,292
950,215
950,949
950,452
1249,1144
1249,215
1249,1005
769,1152
82,1309
82,1046
82,508
82,901
82,1098
82,1097
82,636
82,135
520,630
1167,1144
1167,215
1167,1362
669,1442
861,395
283,165
283,463
283,653
283,154
283,863
283,126
283,501
283,1480
283,1175
283,646
283,1477
283,360
283,36
283,474
283,898
283,864
283,1292
283,1286
283,381
283,455
283,1024
283,1291
283,1038
283,1199
283,20
283,1025
283,641
283,1202
283,1023
283,205
283,1026
283,1083
283,612
283,1058
283,610
283,761
283,32
283,613
283,1314
283,607
283,1257
283,1060
283,806
283,397
283,907
283,1382
283,566
1144,215
1144,1362
1144,949
1144,1005
1144,452
1144,1152
1144,666
292,215
292,1362
1238,1366
215,949
215,452
299,553
1309,508
1309,901
1309,1098
1309,1097
1309,636
1309,135
757,722
757,1337
757,953
1119,1051
1119,954
102,382
385,693
385,985
385,439
262,610
262,397
262,907
949,1005
949,452
949,272
165,463
165,653
165,154
165,863
165,126
165,501
165,1480
165,1175
165,646
165,1477
165,360
165,36
165,474
165,898
165,864
165,1292
165,1286
165,381
165,1415
165,455
165,1072
165,1024
165,1291
165,1038
165,1199
165,20
165,1025
165,641
165,1202
165,1023
165,205
165,1026
165,208
165,1083
165,612
165,1058
165,610
165,761
165,32
165,613
165,1314
165,607
165,1257
165,1060
165,806
165,397
165,907
165,1382
165,566
304,1093
572,994
572,418
572,693
572,1311
572,6
572,985
572,457
572,307
572,306
572,439
572,376
1409,666
452,108
452,272
379,583
379,978
379,928
379,78
379,1052
994,418
994,693
137,565
86,395
86,991
508,901
508,1098
508,1097
508,636
508,135
1051,617
1051,528
1051,908
1051,943
1051,555
1051,962
1051,451
1051,166
1051,954
514,225
901,1098
901,1097
901,636
901,135
627,148
627,842
627,510
627,367
627,647
627,482
627,551
627,1053
627,577
627,469
617,528
617,908
617,943
617,555
617,962
617,451
617,166
617,954
463,653
463,154
463,863
463,126
463,501
463,1480
463,1189
463,1175
463,646
463,1477
463,360
463,36
463,474
463,898
463,864
463,1292
463,1286
463,381
463,455
463,1024
463,1291
463,1038
463,1199
463,20
463,1025
463,641
463,1202
463,1023
463,205
463,1026
463,1083
463,612
463,1058
463,610
463,761
463,32
463,613
463,1314
463,607
463,1257
463,1060
463,806
463,397
463,907
463,1382
463,566
148,842
148,510
148,543
148,312
148,583
148,358
148,367
148,1088
148,978
148,1282
148,977
148,551
148,523
148,928
148,78
148,105
148,1052
148,1053
148,577
148,206
148,412
842,1234
842,510
842,543
842,312
842,583
842,358
842,367
842,1088
842,978
842,1282
842,551
842,586
842,523
842,928
842,78
842,105
842,1052
842,1053
842,577
842,206
842,412
405,739
653,154
653,863
653,126
653,501
653,1480
653,1189
653,1175
653,646
653,1477
653,360
653,36
653,474
653,898
653,864
653,1292
653,1286
653,381
653,455
653,1024
653,1291
653,1038
653,1199
653,20
653,1025
653,641
653,1202
653,1023
653,205
653,1026
653,1083
653,612
653,1058
653,610
653,761
653,32
653,613
653,1314
653,607
653,1257
653,1060
653,806
653,397
653,907
653,1382
653,566
227,67
430,433
735,706
735,919
735,736
735,308
418,693
418,1311
418,985
418,660
418,439
418,376
1002,1004
1002,423
1002,1092
1002,699
1002,579
1002,267
1002,904
1002,776
1002,535
638,1240
638,22
638,81
638,1011
638,1094
638,397
668,396
63,1240
63,1415
63,1072
63,208
63,1398
63,607
63,265
693,1311
693,985
693,660
693,439
693,376
434,948
1232,1234
1232,1233
346,314
395,991
706,500
706,919
706,1155
706,736
706,308
706,549
1360,16
232,229
1234,583
1234,358
1234,1233
1234,367
1234,1088
1234,978
1234,1282
1234,523
1234,928
1234,78
1234,1052
500,1155
500,549
500,376
154,863
154,126
154,501
154,1480
154,1189
154,1175
154,646
154,1477
154,360
154,36
154,474
154,898
154,864
154,1292
154,1286
154,381
154,455
154,1024
154,1291
154,1038
154,1199
154,20
154,1025
154,641
154,1202
154,1023
154,205
154,1026
154,1083
154,612
154,1058
154,610
154,761
154,32
154,613
154,1314
154,607
154,1257
154,1060
154,806
154,397
154,907
154,1382
154,566
1421,1434
1421,596
1421,675
1421,969
1421,902
1421,981
919,736
919,308
863,126
863,501
863,1480
863,1189
863,1175
863,646
863,1477
863,360
863,36
863,474
863,898
863,864
863,1292
863,1286
863,381
863,1415
863,455
863,1072
863,1024
863,1291
863,1038
863,1199
863,81
863,20
863,1025
863,641
863,1202
863,1023
863,205
863,1026
863,1083
863,612
863,1058
863,610
863,761
863,32
863,613
863,1314
863,607
863,1257
863,1060
863,806
863,397
863,907
863,1382
863,566
1311,6
1311,985
1311,457
1311,1172
1311,7
1311,439
1311,376
126,501
126,1480
126,1189
126,1175
126,646
126,1477
126,360
126,36
126,474
126,898
126,864
126,1292
126,1286
126,381
126,455
126,1024
126,1291
126,1038
126,1199
126,20
126,1025
126,641
126,1202
126,1023
126,205
126,1026
126,1083
126,612
126,1058
126,610
126,761
126,32
126,613
126,1314
126,607
126,1257
126,1060
126,806
126,397
126,907
126,1382
126,566
429,437
429,1337
429,953
818,817
818,625
818,1240
818,267
818,163
818,836
818,1011
818,855
501,1480
501,1189
501,1175
501,646
501,1477
501,360
501,36
501,474
501,898
501,864
501,1292
501,1286
501,381
501,1415
501,455
501,1024
501,1291
501,1038
501,1199
501,81
501,20
501,1025
501,641
501,1202
501,1023
501,205
501,1026
501,208
501,612
501,1058
501,610
501,1398
501,761
501,32
501,613
501,1314
501,607
501,1257
501,1060
501,806
501,397
501,907
501,1382
501,566
1480,1189
1480,1175
1480,646
1480,1477
1480,360
1480,36
1480,474
1480,898
1480,864
1480,1292
1480,1286
1480,381
1480,455
1480,1024
1480,1291
1480,1038
1480,1199
1480,20
1480,1025
1480,641
1480,1202
1480,1023
1480,205
1480,1026
1480,1083
1480,612
1480,1058
1480,610
1480,761
1480,32
1480,613
1480,1314
1480,607
1480,1257
1480,1060
1480,806
1480,397
1480,907
1480,1382
1480,566
507,578
1468,1290
1434,596
1434,999
1434,1333
1434,675
1434,969
1434,902
1434,1094
437,1337
437,953
1189,1175
1189,646
1189,1477
1189,36
1189,474
1189,898
1189,1292
1189,1286
1189,381
1189,455
1189,1291
1189,1038
1189,81
1189,20
1189,1025
1189,641
1189,1023
1189,205
1189,1026
1189,1058
1189,610
1189,32
1189,1314
1189,607
1189,1060
1189,806
1189,397
1189,907
1189,566
1368,1092
1368,1172
1368,306
1368,328
1368,855
510,367
510,647
510,482
510,1053
510,577
891,890
459,1337
459,953
459,458
543,583
543,358
543,367
543,1088
543,978
543,1282
543,523
543,928
543,78
543,105
543,1052
543,1053
543,577
543,412
528,908
528,943
528,555
528,962
528,166
528,954
925,1334
104,403
104,1266
871,869
817,1204
817,1240
817,999
817,163
817,684
817,969
817,902
817,1255
817,1094
908,943
908,555
908,962
908,451
908,166
908,954
312,583
312,367
312,978
312,1282
312,928
312,78
312,1052
312,1053
312,577
11,12
673,1066
1155,308
1155,1154
1155,549
1004,423
1004,1092
1004,1298
1004,699
1004,267
1004,904
1004,776
1004,535
1302,1113
1302,1301
1302,979
1302,503
1302,1271
1302,870
423,1092
423,1370
423,699
423,579
423,267
423,904
423,836
423,776
423,535
596,1333
596,675
596,969
596,902
596,981
583,358
583,700
583,367
583,1088
583,978
583,1282
583,977
583,523
583,928
583,78
583,490
583,1052
583,1053
583,577
583,412
758,6
758,307
758,1172
1226,1108
1175,646
1175,1477
1175,360
1175,36
1175,474
1175,898
1175,864
1175,1292
1175,1286
1175,381
1175,455
1175,1024
1175,1291
1175,1038
1175,1199
1175,20
1175,1025
1175,641
1175,1202
1175,1023
1175,205
1175,1026
1175,1083
1175,612
1175,1058
1175,610
1175,761
1175,32
1175,613
1175,1314
1175,607
1175,1257
1175,1060
1175,806
1175,397
1175,907
1175,1382
1175,566
1256,1435
1256,1261
1256,1113
1256,1240
1256,140
1256,1255
1256,462
1256,1094
358,700
358,367
358,1088
358,978
358,1282
358,701
358,977
358,523
358,928
358,78
358,1052
358,577
358,412
1043,1042
1043,1044
1043,1041
1087,1086
1435,140
1435,999
1435,163
1435,1255
1435,1094
646,1477
646,360
646,36
646,474
646,898
646,864
646,1292
646,1286
646,381
646,657
646,455
646,1024
646,1291
646,1038
646,1199
646,81
646,20
646,1025
646,641
646,1202
646,1023
646,205
646,1026
646,1083
646,612
646,1058
646,610
646,761
646,32
646,613
646,1314
646,607
646,1257
646,1060
646,806
646,397
646,907
646,1382
646,566
1477,360
1477,36
1477,474
1477,898
1477,864
1477,1292
1477,1286
1477,381
1477,455
1477,1024
1477,1291
1477,1038
1477,1199
1477,81
1477,20
1477,1025
1477,641
1477,1202
1477,1023
1477,1026
1477,612
1477,1058
1477,610
1477,761
1477,32
1477,613
1477,1314
1477,607
1477,1257
1477,1060
1477,806
1477,397
1477,907
1477,566
1261,1113
1261,1240
1261,462
1204,1092
1204,579
1204,999
1204,1333
1204,163
1204,969
1204,902
1204,1094
1204,855
360,36
360,474
360,898
360,864
360,1292
360,1286
360,381
360,455
360,1024
360,1291
360,1038
360,20
360,1025
360,641
360,1023
360,1026
360,1058
360,610
360,761
360,32
360,613
360,1314
360,607
360,1257
360,1060
360,806
360,907
360,566
411,966
411,103
411,1106
411,611
411,774
411,424
411,1107
411,421
411,453
36,474
36,898
36,864
36,1292
36,1286
36,381
36,455
36,1024
36,1291
36,1038
36,1199
36,20
36,1025
36,641
36,1202
36,1023
36,205
36,1026
36,1083
36,612
36,1058
36,610
36,761
36,32
36,613
36,1314
36,607
36,1257
36,1060
36,806
36,397
36,907
36,1382
36,566
791,792
700,1088
700,978
700,1282
700,701
700,523
700,928
700,78
700,1052
625,534
625,1240
625,602
625,163
625,1106
625,1273
625,1107
625,1467
625,1163
1113,462
1092,1298
1092,699
1092,579
1092,267
1092,904
1092,328
1092,836
1092,776
1092,855
1092,535
534,506
534,163
534,328
534,1273
534,836
534,973
1240,140
1240,1333
1240,163
1240,684
1240,1398
1240,1255
1240,1011
1240,1094
474,898
474,864
474,1292
474,1286
474,381
474,455
474,1024
474,1291
474,1038
474,1199
474,20
474,1025
474,641
474,1202
474,1023
474,205
474,1026
474,1083
474,612
474,1058
474,610
474,761
474,32
474,613
474,1314
474,607
474,1257
474,1060
474,806
474,397
474,907
474,1382
474,566
943,555
943,962
943,166
943,954
898,864
898,1292
898,1286
898,381
898,455
898,1024
898,1291
898,1038
898,1199
898,20
898,1025
898,641
898,1202
898,1023
898,205
898,1026
898,1083
898,612
898,1058
898,610
898,761
898,32
898,613
898,1314
898,607
898,1257
898,1060
898,806
898,397
898,907
898,1382
898,566
367,1088
367,978
367,1282
367,551
367,523
367,928
367,78
367,105
367,1052
367,1053
367,577
367,206
367,412
647,482
647,1053
555,962
555,166
555,954
396,1212
1088,978
1088,1282
1088,977
1088,523
1088,928
1088,78
1088,490
1088,1052
1088,577
1088,412
140,71
140,1255
140,1011
864,1292
864,1286
864,381
864,455
864,1024
864,1291
864,1038
864,1199
864,20
864,1025
864,641
864,1202
864,1023
864,1026
864,1083
864,612
864,1058
864,610
864,761
864,32
864,613
864,1314
864,607
864,1257
864,1060
864,806
864,397
864,907
864,1382
864,566
1292,1286
1292,381
1292,657
1292,455
1292,1024
1292,1291
1292,1038
1292,1199
1292,20
1292,1025
1292,641
1292,1202
1292,1023
1292,205
1292,1026
1292,1083
1292,612
1292,1058
1292,610
1292,761
1292,32
1292,613
1292,1314
1292,607
1292,1257
1292,1060
1292,806
1292,397
1292,907
1292,1382
1292,566
978,1282
978,977
978,523
978,928
978,78
978,490
978,1052
978,577
978,412
1286,381
1286,455
1286,1024
1286,1291
1286,1038
1286,1199
1286,20
1286,1025
1286,641
1286,1202
1286,1023
1286,205
1286,1026
1286,1083
1286,612
1286,1058
1286,610
1286,761
1286,32
1286,613
1286,1314
1286,607
1286,1257
1286,1060
1286,806
1286,397
1286,907
1286,1382
1286,566
1370,506
1370,836
1370,973
1370,902
1282,977
1282,523
1282,928
1282,78
1282,490
1282,1052
1282,577
1282,412
381,455
381,1024
381,1291
381,1038
381,1199
381,20
381,1025
381,641
381,1202
381,1023
381,205
381,1026
381,1083
381,612
381,1058
381,610
381,761
381,32
381,613
381,1314
381,607
381,1257
381,1060
381,806
381,397
381,907
381,1382
381,566
1301,979
1301,1377
1301,503
1301,1271
1301,870
979,1377
979,503
979,1271
979,870
1042,1044
1374,1093
482,142
482,1053
545,19
6,457
6,307
6,1172
6,306
6,7
6,376
6,1378
1108,350
1108,16
1298,267
1298,904
1298,776
1298,535
722,1337
722,953
736,308
699,579
699,267
699,904
699,776
699,855
699,535
962,166
962,954
657,1038
657,612
657,1058
657,610
657,761
657,1060
1415,1072
1415,1199
1415,205
1415,208
1415,1058
1415,610
1415,1398
1415,607
985,660
985,439
985,376
1330,650
977,523
977,928
977,78
977,1052
977,412
1337,953
1337,458
1337,1183
451,954
966,103
966,1106
966,611
966,774
966,424
966,1107
966,1467
966,1163
966,691
966,421
966,453
966,265
455,1024
455,1291
455,1038
455,1199
455,20
455,1025
455,641
455,1202
455,1023
455,205
455,1026
455,1083
455,612
455,1058
455,610
455,761
455,32
455,613
455,1314
455,607
455,1257
455,1060
455,806
455,397
455,907
455,1382
455,566
1072,1199
1072,205
1072,208
1072,1058
1072,610
1072,1398
1072,607
1072,1060
1072,907
1024,1291
1024,1038
1024,1199
1024,20
1024,1025
1024,641
1024,1202
1024,1023
1024,205
1024,1026
1024,1083
1024,612
1024,1058
1024,610
1024,761
1024,32
1024,613
1024,1314
1024,607
1024,1257
1024,1060
1024,806
1024,397
1024,907
1024,1382
1024,566
1180,1290
1180,307
887,566
953,458
953,1183
45,1376
1291,1038
1291,1199
1291,20
1291,1025
1291,641
1291,1202
1291,1023
1291,205
1291,1026
1291,1083
1291,612
1291,1058
1291,610
1291,761
1291,32
1291,613
1291,1314
1291,607
1291,1257
1291,1060
1291,806
1291,397
1291,907
1291,1382
1291,566
1377,503
1038,1199
1038,20
1038,1025
1038,641
1038,1202
1038,1023
1038,205
1038,1026
1038,1083
1038,612
1038,1058
1038,610
1038,761
1038,32
1038,613
1038,1314
1038,607
1038,1257
1038,1060
1038,806
1038,397
1038,907
1038,1382
1038,566
579,855
579,535
1098,1097
1098,636
1098,135
999,1333
999,163
999,684
999,1398
999,969
999,902
999,1255
999,1094
999,939
267,904
267,328
267,776
267,855
267,535
1333,163
1333,1172
1333,969
1333,902
1333,1094
457,1172
457,7
1093,225
1093,536
1199,20
1199,1025
1199,641
1199,1202
1199,1023
1199,205
1199,1026
1199,208
1199,612
1199,1058
1199,610
1199,761
1199,32
1199,613
1199,1314
1199,607
1199,1257
1199,1060
1199,806
1199,397
1199,907
1199,566
602,19
602,265
602,939
19,1273
103,1106
103,611
103,774
103,424
103,1107
103,1467
103,1163
103,691
103,421
103,453
503,1271
503,870
551,105
551,577
551,412
506,1467
506,902
506,939
81,610
81,1398
81,397
904,776
904,535
660,439
163,684
163,969
163,902
163,1255
163,1094
163,855
20,1025
20,641
20,1202
20,1023
20,205
20,1026
20,1083
20,612
20,1058
20,610
20,761
20,32
20,613
20,1314
20,607
20,1257
20,1060
20,806
20,397
20,907
20,1382
20,566
1025,641
1025,1202
1025,1023
1025,205
1025,1026
1025,1083
1025,612
1025,1058
1025,610
1025,761
1025,32
1025,613
1025,1314
1025,607
1025,1257
1025,1060
1025,806
1025,397
1025,907
1025,1382
1025,566
641,1202
641,1023
641,205
641,1026
641,1083
641,612
641,1058
641,610
641,761
641,32
641,613
641,1314
641,607
641,1257
641,1060
641,806
641,397
641,907
641,1382
641,566
307,1172
307,306
308,549
1202,1023
1202,1026
1202,1058
1202,610
1202,761
1202,32
1202,613
1202,1314
1202,607
1202,1060
1202,806
1202,397
1202,907
1202,566
403,1266
1023,205
1023,1026
1023,1083
1023,612
1023,1058
1023,610
1023,761
1023,32
1023,613
1023,1314
1023,607
1023,1257
1023,1060
1023,806
1023,397
1023,907
1023,1382
1023,566
1172,306
1172,7
1172,366
1172,855
1106,611
1106,774
1106,424
1106,1107
1106,1467
1106,1163
1106,691
1106,421
1106,453
166,954
166,1080
526,973
611,774
611,424
611,1107
611,691
611,421
611,453
205,1026
205,208
205,612
205,1058
205,610
205,761
205,32
205,613
205,1314
205,607
205,1060
205,806
205,566
774,424
774,1107
774,1163
774,691
774,421
774,453
774,265
1097,636
1097,135
436,85
1026,1083
1026,612
1026,1058
1026,610
1026,761
1026,32
1026,613
1026,1314
1026,607
1026,1257
1026,1060
1026,806
1026,397
1026,907
1026,1382
1026,566
1044,1041
424,1107
424,1467
424,1163
424,691
424,421
424,453
424,265
208,1058
208,610
208,1398
208,607
1083,612
1083,1058
1083,610
1083,761
1083,32
1083,613
1083,1314
1083,1257
1083,1060
1083,806
1083,907
1083,566
523,928
523,78
523,490
523,1052
523,577
523,412
636,135
191,190
928,78
928,490
928,1052
928,577
928,412
306,328
306,1378
328,836
328,855
675,969
675,902
675,981
650,1329
78,490
78,1052
78,1053
78,577
78,412
7,1312
612,1058
612,610
612,761
612,32
612,613
612,1314
612,607
612,1257
612,1060
612,806
612,907
612,566
1058,610
1058,1398
1058,761
1058,32
1058,613
1058,1314
1058,607
1058,1257
1058,1060
1058,806
1058,397
1058,907
1058,1382
1058,566
439,376
316,809
643,1053
1266,1379
684,969
684,1255
684,1094
105,1053
105,577
610,1398
610,761
610,32
610,613
610,1314
610,607
610,1257
610,1060
610,806
610,397
610,907
610,1382
610,566
490,1052
71,462
1398,607
1398,397
1107,1467
1107,1163
1107,691
1107,421
1107,453
1107,265
1052,1053
1052,577
1052,412
836,973
1053,577
1053,206
1467,973
1467,1163
1467,453
761,32
761,613
761,1314
761,607
761,1257
761,1060
761,806
761,397
761,907
761,1382
761,566
973,1163
691,421
691,453
969,902
969,1255
969,1094
32,613
32,1314
32,607
32,1257
32,1060
32,806
32,397
32,907
32,1382
32,566
902,1094
902,981
902,939
1255,1094
776,535
421,453
421,265
577,206
577,412
613,1314
613,607
613,1257
613,1060
613,806
613,397
613,907
613,1382
613,566
1314,607
1314,1257
1314,1060
1314,806
1314,397
1314,907
1314,1382
1314,566
607,1257
607,1060
607,806
607,397
607,907
607,566
1257,1060
1257,806
1257,397
1257,907
1257,1382
1257,566
1060,806
1060,397
1060,907
1060,1382
1060,566
806,397
806,907
806,1382
806,566
1011,855
397,907
397,566
907,1382
907,566
1382,566
